tic_id,period_days,epoch_btjd,duration_hours,depth_ppm,bls_snr,cnn_probability,vetting_passed,vetting_reasons,rank_score
926898,13.748567,1493.9903,8.0,16680.8,4.67,0.3099,False,odd/even depth differ by 61.6% (22985 vs 12164 ppm),0.0
3523858,17.452141,1535.1197,4.0,171960.8,12.82,0.0175,False,depth 17.20% exceeds 3.0% cap; odd/even depth differ by 197.7% (1924 vs 330067 ppm),0.0
3784444,0.723815,1518.2093,1.5,5006.1,9.86,0.3052,True,,0.3052
4347361,5.106929,1520.0925,1.5,2823.7,3.12,0.0176,True,,0.0176
4618358,1.187136,1468.3632,0.5,1988.8,2.52,0.0447,False,odd/even depth differ by 34.0% (1402 vs 1977 ppm),0.0
4854918,17.195243,1518.03,4.0,8622.1,4.7,0.0217,False,odd/even depth differ by 67.8% (14382 vs 7098 ppm),0.0
5225987,19.832489,1518.0296,3.0,4419.2,2.9,0.031,False,odd/even depth differ by 64.7% (2478 vs 4850 ppm),0.0
5544238,20.0,1535.3134,8.0,32409.2,6.19,0.7136,False,depth 3.24% exceeds 3.0% cap; odd/even depth differ by 109.8% (14081 vs 48342 ppm),0.0
7600145,0.812406,1410.9554,1.0,6720.5,29.43,0.0006,True,,0.0006
7724239,14.720691,1421.6053,8.0,6807.7,8.52,0.5981,False,odd/even depth differ by 75.9% (4101 vs 9120 ppm),0.0
11305090,0.5509,1491.665,1.0,2460.2,3.07,0.0915,False,odd/even depth differ by 22.1% (1879 vs 1505 ppm),0.0
18928489,6.615987,1521.4785,0.5,10093.8,3.11,0.0042,False,odd/even depth differ by 49.0% (12251 vs 7426 ppm),0.0
19264252,6.350083,1519.3459,0.5,10540.1,3.11,0.2416,False,odd/even depth differ by 34.6% (8542 vs 12114 ppm),0.0
19493001,13.418862,1531.1793,4.0,64012.4,11.94,0.2371,False,depth 6.40% exceeds 3.0% cap; odd/even depth differ by 49.0% (67346 vs 40849 ppm),0.0
19614153,12.287336,1518.6014,2.0,8115.2,4.91,0.0975,True,,0.0975
19686269,13.218408,1518.2952,6.0,10312.3,6.02,0.8881,False,odd/even depth differ by 98.7% (3188 vs 9400 ppm),0.0
21505340,0.711479,1438.3826,2.0,35848.5,10.0,0.0007,False,depth 3.58% exceeds 3.0% cap,0.0
22014436,18.610462,1535.3241,6.0,23471.0,4.79,0.6747,False,odd/even depth differ by 147.1% (6398 vs 42013 ppm),0.0
22770890,16.919641,1501.7323,4.0,13937.3,4.29,0.0363,True,,0.0363
24439223,2.239692,1518.3196,3.0,1352.2,4.29,0.0345,False,odd/even depth differ by 102.0% (477 vs 1471 ppm),0.0
24450633,0.685357,1438.1653,2.0,73015.3,35.92,0.0,False,depth 7.30% exceeds 3.0% cap,0.0
24540940,19.992623,1535.3035,8.0,4331.5,4.46,0.1488,False,odd/even depth differ by 127.9% (1386 vs 6310 ppm),0.0
24615996,1.273328,1518.7938,1.5,38462.9,97.35,0.3285,False,depth 3.85% exceeds 3.0% cap,0.0
24688131,8.923934,1520.2375,0.5,24062.5,2.72,0.0757,False,odd/even depth differ by 22.6% (29269 vs 23315 ppm),0.0
25101752,12.72558,1530.4709,1.0,148335.0,12.21,0.0,False,depth 14.83% exceeds 3.0% cap,0.0
25208210,17.671108,1535.0606,2.0,27835.0,4.76,0.0029,False,odd/even depth differ by 101.4% (14808 vs 45246 ppm),0.0
25448713,13.098029,1518.5949,8.0,4236.2,5.17,0.0,True,,0.0
25610788,19.319789,1531.9577,1.5,10510.1,6.65,0.6702,False,odd/even depth differ by 52.0% (12579 vs 7390 ppm),0.0
25670688,6.773544,1521.5314,3.0,2249.7,3.06,0.0244,False,odd/even depth differ by 33.0% (1305 vs 1821 ppm),0.0
28701577,13.164878,1517.8158,1.5,55338.8,12.76,0.0,False,depth 5.53% exceeds 3.0% cap,0.0
28952807,13.166821,1517.7858,1.0,34245.9,10.07,0.0,False,depth 3.42% exceeds 3.0% cap,0.0
29332200,17.275353,1517.801,3.0,54704.2,6.96,0.0372,False,depth 5.47% exceeds 3.0% cap; odd/even depth differ by 48.1% (71336 vs 43688 ppm),0.0
29688006,13.175567,1530.91,1.5,270139.0,6.84,0.0041,False,depth 27.01% exceeds 3.0% cap,0.0
29785065,18.428738,1498.7926,6.0,19171.8,4.03,0.0097,True,,0.0097
31050929,13.618336,1451.0567,2.0,12635.4,3.8,0.1726,False,odd/even depth differ by 37.8% (18576 vs 12670 ppm),0.0
31066486,17.916601,1535.3205,6.0,2796.2,3.79,0.0324,False,odd/even depth differ by 83.5% (1578 vs 3843 ppm),0.0
31486920,3.296519,1519.5937,8.0,14594.7,8.13,0.0002,True,,0.0002
31717982,19.285609,1535.2464,8.0,10122.2,3.92,0.03,False,odd/even depth differ by 86.3% (5539 vs 13942 ppm),0.0
32090046,3.943531,1329.0343,1.0,1162.2,5.59,0.0617,True,,0.0617
33834484,1.331255,1325.7656,1.0,1569.3,16.96,0.0054,True,,0.0054
38467464,18.920584,1327.1608,3.0,2757.7,3.99,0.0414,False,odd/even depth differ by 96.5% (3282 vs 1146 ppm),0.0
21649667,0.581256,1438.5918,1.5,5899.3,40.99,0.0,False,odd/even depth differ by 22.0% (5840 vs 4681 ppm),0.0
25153635,13.414902,1330.4029,3.0,5044.4,5.97,0.0301,False,odd/even depth differ by 86.1% (1575 vs 3954 ppm),0.0
30275777,17.372492,1333.5899,8.0,3870.6,8.76,0.0968,False,odd/even depth differ by 63.8% (1578 vs 3056 ppm),0.0
30275795,13.606284,1327.5753,1.5,7716.4,16.49,0.0088,False,odd/even depth differ by 78.0% (1084 vs 2471 ppm),0.0
30760081,0.720034,1411.5445,2.0,2912.5,95.31,0.0,True,,0.0
38583597,19.352601,1344.1423,6.0,1527.7,5.25,0.2543,True,,0.2543
38844392,18.846743,1357.2006,6.0,2976.1,7.63,0.0255,False,odd/even depth differ by 124.8% (331 vs 1432 ppm),0.0
41231040,16.713684,1366.6269,1.5,1607.3,5.54,0.0049,False,odd/even depth differ by 117.1% (326 vs 1246 ppm),0.0
44669300,13.187237,1410.9066,1.0,10823.7,3.62,0.0136,True,,0.0136
44889427,14.82095,1421.7999,6.0,9085.1,3.97,0.1665,True,,0.1665
44890224,10.430973,1417.9167,2.0,145960.3,88.77,0.1155,False,depth 14.60% exceeds 3.0% cap,0.0
47590073,13.711087,1477.3733,2.0,20419.5,7.58,0.0004,True,,0.0004
48880872,1.093951,1468.5508,3.0,10291.0,59.93,0.3571,False,odd/even depth differ by 102.2% (13898 vs 4498 ppm),0.0
51926160,6.027341,1468.7232,1.5,3846.2,2.6,0.016,True,,0.016
52502867,13.073893,1476.9003,1.0,6699.1,3.08,0.007,False,odd/even depth differ by 57.8% (4575 vs 8295 ppm),0.0
52671548,3.372038,1518.5689,8.0,72202.2,9.95,0.0941,False,depth 7.22% exceeds 3.0% cap; odd/even depth differ by 19.6% (62028 vs 50952 ppm),0.0
52919212,13.658585,1477.4562,3.0,8621.8,5.1,0.0,True,,0.0
53067214,0.671394,1468.3689,2.0,11115.0,79.08,0.0,True,,0.0
53407833,18.0107,1468.3068,1.5,12198.5,3.83,0.1608,False,odd/even depth differ by 87.9% (7168 vs 18414 ppm),0.0
53985835,18.46821,1486.3776,4.0,4681.1,3.35,0.0141,False,odd/even depth differ by 74.4% (6890 vs 3153 ppm),0.0
53987961,0.950303,1468.8631,1.0,39596.5,69.45,0.5328,False,depth 3.96% exceeds 3.0% cap,0.0
61351519,0.614598,1468.3076,0.5,44060.8,167.51,0.0612,False,depth 4.41% exceeds 3.0% cap,0.0
63941711,0.519479,1386.107,1.5,47304.9,57.43,0.3083,False,depth 4.73% exceeds 3.0% cap; odd/even depth differ by 83.9% (48109 vs 19682 ppm),0.0
65289822,14.64162,1394.6151,6.0,8630.8,6.08,0.0189,False,odd/even depth differ by 18.7% (8125 vs 9806 ppm),0.0
74709344,13.290773,1530.7825,2.0,7170.8,3.99,0.0224,False,odd/even depth differ by 58.7% (9411 vs 5137 ppm),0.0
75897059,18.664089,1522.5156,8.0,188345.4,7.62,0.0802,False,depth 18.83% exceeds 3.0% cap; odd/even depth differ by 120.6% (327975 vs 81275 ppm),0.0
76334323,2.807168,1518.4048,8.0,5091.7,33.73,0.0033,True,,0.0033
77178716,14.708749,1421.4282,6.0,23738.3,12.47,0.2966,False,odd/even depth differ by 193.7% (710 vs 44111 ppm),0.0
77351195,15.279506,1422.9591,3.0,4263.2,5.58,0.1584,False,odd/even depth differ by 31.4% (4450 vs 3243 ppm),0.0
78014053,15.379032,1451.8071,0.5,13049.5,2.63,0.0344,True,,0.0344
78384596,13.146436,1478.6573,3.0,9686.5,3.99,0.1499,False,odd/even depth differ by 81.6% (14486 vs 6088 ppm),0.0
78823293,18.522793,1478.4174,0.5,7595.8,3.06,0.0699,False,odd/even depth differ by 102.0% (3323 vs 10240 ppm),0.0
80990221,17.485651,1500.1153,4.0,18258.0,6.32,0.6784,True,,0.6784
89263952,14.132176,1422.2918,6.0,17505.8,3.51,0.0081,False,odd/even depth differ by 26.2% (13595 vs 17694 ppm),0.0
89453975,1.429703,1518.1669,3.0,785.0,3.21,0.0327,False,odd/even depth differ by 28.7% (551 vs 736 ppm),0.0
89615401,0.74555,1518.3967,2.0,6233.0,132.18,0.0,True,,0.0
90211642,15.605342,1525.8781,4.0,9079.0,5.91,0.1577,False,odd/even depth differ by 128.2% (15406 vs 3370 ppm),0.0
90359047,12.673111,1517.7956,0.5,27010.7,5.83,0.0214,True,,0.0214
91542943,2.663315,1388.477,2.0,223096.1,261.94,0.2604,False,depth 22.31% exceeds 3.0% cap; odd/even depth differ by 32.2% (290412 vs 209904 ppm),0.0
91555717,13.973547,1394.452,8.0,2977.1,4.19,0.0005,False,odd/even depth differ by 26.0% (2565 vs 3330 ppm),0.0
92662265,12.683401,1517.7779,1.5,81319.0,12.05,0.7284,False,depth 8.13% exceeds 3.0% cap,0.0
92881468,13.380306,1450.243,1.0,75528.6,5.99,0.0,False,depth 7.55% exceeds 3.0% cap,0.0
93995252,0.522747,1517.907,1.5,3652.3,5.05,0.0089,True,,0.0089
94986757,12.989284,1438.115,1.0,84050.6,12.77,0.4722,False,depth 8.41% exceeds 3.0% cap,0.0
96590480,13.151287,1478.4978,1.5,7624.4,8.11,0.7366,False,odd/even depth differ by 57.5% (10174 vs 5628 ppm),0.0
96864159,13.321206,1478.1292,3.0,6302.9,6.06,0.0838,True,,0.0838
100103816,1.747945,1354.5906,3.0,1202.7,3.17,0.0125,False,odd/even depth differ by 63.3% (640 vs 1232 ppm),0.0
100590656,19.749261,1451.6749,4.0,18421.6,4.2,0.0404,False,odd/even depth differ by 128.9% (6636 vs 30694 ppm),0.0
102064049,7.925032,1357.2703,0.5,8357.8,2.56,0.0103,False,odd/even depth differ by 51.4% (10736 vs 6344 ppm),0.0
102833322,0.640475,1544.6332,1.0,11881.4,26.15,0.002,True,,0.002
117817258,0.721682,1468.9774,2.0,8848.8,88.01,0.0,True,,0.0
119718269,13.540191,1544.4454,4.0,24150.4,3.31,0.0202,False,odd/even depth differ by 17.2% (30820 vs 25931 ppm),0.0
119920063,14.147825,1557.685,6.0,16487.2,9.96,0.1084,True,,0.1084
121157970,14.691396,1421.7088,6.0,7302.9,7.16,0.0158,False,odd/even depth differ by 18.9% (9383 vs 7763 ppm),0.0
122910146,18.013357,1499.0569,4.0,11930.1,3.33,0.0243,True,,0.0243
123745046,19.50886,1485.3619,4.0,6559.2,3.39,0.0363,True,,0.0363
123832656,17.254973,1500.8529,4.0,18337.3,4.09,0.3445,False,odd/even depth differ by 56.1% (22143 vs 12442 ppm),0.0
123835353,8.582983,1474.8077,0.5,8821.8,3.09,0.042,False,odd/even depth differ by 25.0% (10821 vs 8415 ppm),0.0
123935004,15.062366,1504.9361,3.0,10208.2,4.21,0.0009,False,odd/even depth differ by 164.0% (1574 vs 15929 ppm),0.0
128467482,15.419934,1504.3416,2.0,95289.5,6.12,0.0146,False,depth 9.53% exceeds 3.0% cap; odd/even depth differ by 34.0% (79821 vs 56597 ppm),0.0
128736690,13.388206,1504.6852,6.0,5280.1,5.37,0.1618,True,,0.1618
129262146,0.5581,1492.0292,1.5,5311.4,7.24,0.0199,True,,0.0199
129268651,5.963645,1496.4499,2.0,56576.5,21.63,0.4329,False,depth 5.66% exceeds 3.0% cap,0.0
129999969,13.412923,1504.6209,2.0,24876.5,7.8,0.0,True,,0.0
130189948,13.47243,1504.5792,3.0,36057.2,6.95,0.0,False,depth 3.61% exceeds 3.0% cap,0.0
131845800,17.707651,1499.7113,2.0,5854.3,4.06,0.0139,True,,0.0139
132298139,17.97751,1552.3067,3.0,346353.3,23.79,0.313,False,depth 34.64% exceeds 3.0% cap,0.0
132535268,13.163907,1504.7012,1.5,88130.8,5.18,0.0299,False,depth 8.81% exceeds 3.0% cap; odd/even depth differ by 29.0% (100834 vs 75261 ppm),0.0
132624731,9.514823,1498.7742,1.5,9044.5,2.96,0.0226,False,odd/even depth differ by 52.2% (10457 vs 6125 ppm),0.0
133044123,12.870043,1544.0814,1.5,31626.2,3.85,0.0124,False,depth 3.16% exceeds 3.0% cap,0.0
133503007,12.926188,1544.0234,2.0,98879.4,6.1,0.1716,False,depth 9.89% exceeds 3.0% cap,0.0
133759721,13.328087,1504.6032,6.0,12391.9,4.51,0.0,True,,0.0
133918907,17.499847,1500.3492,6.0,11814.4,5.1,0.1726,False,odd/even depth differ by 46.8% (18790 vs 11669 ppm),0.0
139525605,12.46723,1396.3194,2.0,28734.8,5.16,0.0168,False,odd/even depth differ by 86.6% (17276 vs 43675 ppm),0.0
140055734,1.080954,1517.8135,3.0,12975.7,16.13,0.0636,False,odd/even depth differ by 16.4% (10827 vs 9183 ppm),0.0
140130293,13.215482,1517.8352,1.5,42098.5,8.97,0.0,False,depth 4.21% exceeds 3.0% cap; odd/even depth differ by 105.4% (14456 vs 46695 ppm),0.0
140213590,1.678808,1439.1777,0.5,2085.3,2.89,0.0155,True,,0.0155
140215017,0.556292,1438.301,1.5,13685.8,50.76,0.0,True,,0.0
140214098,3.67605,1439.5526,1.5,63125.6,44.14,0.5976,False,depth 6.31% exceeds 3.0% cap; odd/even depth differ by 70.3% (87611 vs 42016 ppm),0.0
140707156,13.189183,1517.797,1.5,60882.2,7.87,0.0697,False,depth 6.09% exceeds 3.0% cap,0.0
142052608,2.959883,1327.9299,8.0,436.9,18.89,0.0001,True,,0.0001
142465930,12.939546,1478.8511,1.5,75506.0,7.86,0.3276,False,depth 7.55% exceeds 3.0% cap; odd/even depth differ by 147.2% (121165 vs 18409 ppm),0.0
143373586,19.666381,1457.3433,0.5,8621.1,3.46,0.0042,False,odd/even depth differ by 38.4% (11260 vs 7634 ppm),0.0
143739561,15.143709,1504.73,1.0,7362.3,3.36,0.0031,False,odd/even depth differ by 80.5% (3592 vs 8431 ppm),0.0
144058755,13.205736,1491.911,6.0,13726.3,4.84,0.0,False,odd/even depth differ by 18.4% (16253 vs 13509 ppm),0.0
144410790,14.623267,1503.6308,6.0,203388.5,7.7,0.3569,False,depth 20.34% exceeds 3.0% cap,0.0
144465558,14.778366,1503.2017,8.0,49031.5,7.64,0.3837,False,depth 4.90% exceeds 3.0% cap; odd/even depth differ by 145.3% (48806 vs 7725 ppm),0.0
144791156,6.477847,1498.0996,1.5,4355.8,3.0,0.0263,False,odd/even depth differ by 103.9% (10637 vs 3364 ppm),0.0
145027577,18.69027,1504.7434,1.5,19169.5,3.35,0.0498,False,odd/even depth differ by 29.8% (16008 vs 21613 ppm),0.0
145045142,13.166821,1530.9577,2.0,147638.9,11.88,0.0,False,depth 14.76% exceeds 3.0% cap,0.0
145158520,13.473424,1530.9475,3.0,106669.3,11.88,0.0,False,depth 10.67% exceeds 3.0% cap,0.0
145277113,18.268995,1498.6122,4.0,32889.4,3.45,0.1886,False,depth 3.29% exceeds 3.0% cap,0.0
145321628,13.604277,1530.5522,6.0,87969.4,6.82,0.1205,False,depth 8.80% exceeds 3.0% cap; odd/even depth differ by 149.6% (166737 vs 24061 ppm),0.0
145459646,17.882265,1499.7955,6.0,15567.5,5.15,0.369,True,,0.369
145469321,14.122796,1503.6204,8.0,37179.8,12.16,0.9971,False,depth 3.72% exceeds 3.0% cap,0.0
145579194,13.682792,1503.3578,2.0,43983.5,18.92,0.0002,False,depth 4.40% exceeds 3.0% cap,0.0
145620527,12.36281,1492.4659,8.0,58487.8,6.12,0.4725,False,depth 5.85% exceeds 3.0% cap; odd/even depth differ by 63.0% (35742 vs 68594 ppm),0.0
145794379,12.044989,1520.4604,3.0,5265.1,5.77,0.1319,False,odd/even depth differ by 87.0% (2233 vs 5671 ppm),0.0
145916036,13.543188,1494.6143,8.0,6752.7,4.49,0.0738,False,odd/even depth differ by 29.4% (6466 vs 4809 ppm),0.0
146413462,12.743432,1504.0497,3.0,26895.9,14.16,0.0245,True,,0.0245
146726897,13.356635,1394.5075,1.5,8151.3,3.53,0.0137,False,odd/even depth differ by 113.0% (2624 vs 9447 ppm),0.0
146729042,3.269874,1386.0492,0.5,11246.2,3.15,0.0783,False,odd/even depth differ by 27.7% (14552 vs 11016 ppm),0.0
146879903,12.660962,1478.2511,3.0,40311.5,8.01,0.1296,False,depth 4.03% exceeds 3.0% cap,0.0
146893170,1.335485,1492.1704,3.0,3057.4,7.11,0.0009,True,,0.0009
147003482,14.029329,1558.1699,6.0,3296.2,2.8,0.0403,False,odd/even depth differ by 53.9% (4376 vs 2519 ppm),0.0
147102076,14.46873,1503.5163,3.0,63710.5,16.04,0.0006,False,depth 6.37% exceeds 3.0% cap; odd/even depth differ by 71.7% (36247 vs 76801 ppm),0.0
147184648,18.762114,1482.5408,0.5,9127.9,2.96,0.1723,False,odd/even depth differ by 55.0% (6486 vs 11400 ppm),0.0
147289840,13.938538,1503.1643,6.0,37900.9,10.93,0.9024,False,depth 3.79% exceeds 3.0% cap,0.0
147364426,0.524176,1468.7887,1.5,30228.1,52.96,0.0,False,depth 3.02% exceeds 3.0% cap,0.0
148918845,14.155134,1503.6434,3.0,166323.5,11.83,0.0,False,depth 16.63% exceeds 3.0% cap,0.0
149311270,15.929897,1504.7661,3.0,9983.0,4.07,0.0272,True,,0.0272
149391335,19.615663,1329.162,6.0,5146.1,9.28,0.1931,False,odd/even depth differ by 46.2% (1622 vs 2598 ppm),0.0
149617670,13.170707,1504.6287,3.0,45741.3,9.46,0.0046,False,depth 4.57% exceeds 3.0% cap,0.0
150100106,0.82266,1411.3986,1.5,2157.3,128.91,0.0,True,,0.0
150210253,13.513245,1504.6269,4.0,21680.1,9.85,0.0,False,odd/even depth differ by 18.1% (20218 vs 16865 ppm),0.0
150331990,15.160478,1504.7289,3.0,4550.4,3.8,0.009,False,odd/even depth differ by 127.4% (1657 vs 7472 ppm),0.0
150417789,17.55934,1500.2746,2.0,34616.2,4.62,0.0063,False,depth 3.46% exceeds 3.0% cap,0.0
150560254,3.766094,1491.7101,1.0,14988.8,3.6,0.0183,False,odd/even depth differ by 50.7% (14077 vs 8384 ppm),0.0
150604284,3.321665,1492.0038,8.0,1993.5,5.76,0.0052,True,,0.0052
151077021,17.634641,1500.3746,8.0,5660.8,5.4,0.0533,False,odd/even depth differ by 70.1% (9007 vs 4332 ppm),0.0
151370340,17.609938,1499.8476,3.0,10641.8,5.52,0.1173,True,,0.1173
151624217,17.519225,1500.0308,3.0,22089.0,5.12,0.0661,True,,0.0661
151928308,12.951963,1504.4847,2.0,5693.1,6.72,0.0429,False,odd/even depth differ by 64.5% (4032 vs 7875 ppm),0.0
152015752,17.112978,1500.8809,4.0,21547.3,4.42,0.0038,False,odd/even depth differ by 33.1% (28674 vs 20534 ppm),0.0
152362250,13.921067,1422.4455,4.0,646676.3,17.17,0.0,False,depth 64.67% exceeds 3.0% cap; odd/even depth differ by 53.0% (782578 vs 454849 ppm),0.0
152498932,3.683652,1493.0829,8.0,4223.2,3.5,0.0102,True,,0.0102
153039279,17.8322,1499.3688,1.5,21539.3,3.94,0.2305,True,,0.2305
153191707,16.89594,1501.1979,2.0,36202.9,3.84,0.0537,False,depth 3.62% exceeds 3.0% cap; odd/even depth differ by 107.0% (61250 vs 18546 ppm),0.0
153191889,0.685509,1492.0854,1.0,7212.0,3.18,0.2472,False,odd/even depth differ by 84.8% (4096 vs 10126 ppm),0.0
153193474,0.683892,1492.0459,1.5,13093.9,125.76,0.0,True,,0.0
153599914,5.096014,1495.7104,0.5,4283.4,2.73,0.0154,False,odd/even depth differ by 37.9% (4423 vs 3014 ppm),0.0
154469463,16.853609,1501.3581,3.0,21211.4,4.18,0.015,False,odd/even depth differ by 21.6% (17078 vs 21210 ppm),0.0
154471801,12.97396,1502.9957,4.0,10642.7,4.46,0.033,False,odd/even depth differ by 62.0% (13253 vs 6978 ppm),0.0
154472487,14.95937,1503.154,6.0,20713.9,4.74,0.0914,False,odd/even depth differ by 46.3% (22348 vs 13946 ppm),0.0
154826907,12.873842,1495.6229,1.5,10567.4,3.1,0.0276,False,odd/even depth differ by 22.5% (7897 vs 9903 ppm),0.0
154829096,0.522747,1492.0104,0.5,2814.0,4.38,0.0149,False,odd/even depth differ by 23.4% (2639 vs 3337 ppm),0.0
154830784,13.670683,1504.6041,6.0,7811.3,6.14,0.0,True,,0.0
154839814,12.807526,1492.4706,0.5,15720.0,2.55,0.0534,False,odd/even depth differ by 45.7% (22762 vs 14294 ppm),0.0
154913411,7.972535,1493.6915,0.5,10215.9,2.86,0.0704,False,odd/even depth differ by 62.1% (19193 vs 10100 ppm),0.0
154996319,13.767854,1504.552,8.0,17208.3,7.68,0.0149,True,,0.0149
155129870,16.515108,1504.7063,1.0,13208.2,3.14,0.0157,True,,0.0157
155268031,13.209633,1504.8228,2.0,17040.4,6.41,0.0445,False,odd/even depth differ by 86.7% (30616 vs 12099 ppm),0.0
155337656,17.30214,1495.2043,1.0,29552.4,4.76,0.0402,False,odd/even depth differ by 41.4% (21914 vs 33362 ppm),0.0
155438355,0.610125,1491.8456,1.5,17440.7,54.15,0.0,True,,0.0
155650851,17.571004,1508.8603,1.0,12957.7,5.01,0.422,False,odd/even depth differ by 94.4% (21734 vs 7795 ppm),0.0
155810890,14.389951,1503.583,8.0,20591.7,9.34,0.9912,True,,0.9912
156050791,14.467662,1503.5768,2.0,46575.7,6.22,0.0,False,depth 4.66% exceeds 3.0% cap,0.0
156183924,11.203181,1493.5832,3.0,5826.1,3.14,0.0154,False,odd/even depth differ by 53.9% (3669 vs 6374 ppm),0.0
156185365,13.089335,1491.6397,0.5,56956.6,3.38,0.1034,False,depth 5.70% exceeds 3.0% cap; odd/even depth differ by 77.7% (73325 vs 32310 ppm),0.0
156258291,0.590637,1491.9583,1.0,23233.7,82.74,0.0,True,,0.0
156265041,17.058773,1500.9168,1.5,25108.3,6.47,0.0375,True,,0.0375
156834113,13.017106,1476.8867,2.0,2481.6,3.05,0.0474,False,odd/even depth differ by 18.9% (2078 vs 2511 ppm),0.0
157131148,13.383268,1478.28,2.0,32527.3,6.29,0.0052,False,depth 3.25% exceeds 3.0% cap; odd/even depth differ by 101.6% (57772 vs 18841 ppm),0.0
157312201,0.567694,1468.5555,1.0,1654.0,2.92,0.0046,True,,0.0046
160827342,13.911826,1571.398,3.0,13447.6,6.29,0.0055,True,,0.0055
161614517,14.154089,1422.1627,4.0,5720.4,5.65,0.0247,False,odd/even depth differ by 25.6% (4999 vs 6467 ppm),0.0
162397753,1.375384,1571.6101,2.0,1657.3,2.88,0.0663,True,,0.0663
166875968,14.021051,1585.1878,3.0,50637.5,6.5,0.0056,False,depth 5.06% exceeds 3.0% cap; odd/even depth differ by 60.2% (26281 vs 48912 ppm),0.0
166899824,14.625425,1422.2498,3.0,12823.3,4.87,0.3562,True,,0.3562
167123437,0.767144,1325.8455,2.0,38760.8,1823.98,0.0178,False,depth 3.88% exceeds 3.0% cap,0.0
167656297,1.132801,1354.7824,1.5,26396.8,1101.34,0.113,False,odd/even depth differ by 37.7% (20970 vs 30708 ppm),0.0
168752776,13.876972,1422.3997,3.0,7714.9,3.89,0.0785,False,odd/even depth differ by 51.4% (6482 vs 10962 ppm),0.0
168831836,14.614639,1422.1973,8.0,3330.2,3.44,0.1174,True,,0.1174
170631655,0.568196,1411.2412,1.0,5014.8,46.7,0.0,True,,0.0
170676786,14.744604,1421.5638,6.0,2493.7,4.68,0.2742,False,odd/even depth differ by 63.3% (1651 vs 3180 ppm),0.0
170700300,14.672981,1422.095,8.0,5460.1,4.18,0.1301,True,,0.1301
170784757,14.062491,1422.0137,4.0,3091.6,3.62,0.0002,False,odd/even depth differ by 58.7% (2067 vs 3782 ppm),0.0
170790905,16.975908,1421.3074,1.5,88079.0,4.81,0.0231,False,depth 8.81% exceeds 3.0% cap; odd/even depth differ by 61.7% (116107 vs 61377 ppm),0.0
172836867,13.912853,1476.9274,1.5,13127.9,5.34,0.0191,True,,0.0191
172999052,13.662617,1477.561,2.0,253527.1,27.63,0.03,False,depth 25.35% exceeds 3.0% cap,0.0
172999957,0.689974,1468.6755,0.5,2510.4,2.92,0.0081,True,,0.0081
173382868,4.470173,1492.4864,8.0,1239.1,2.59,0.0479,False,odd/even depth differ by 51.4% (661 vs 1117 ppm),0.0
173639492,14.302101,1493.5699,8.0,2865.6,3.02,0.0739,False,odd/even depth differ by 85.9% (3586 vs 1431 ppm),0.0
173756896,11.34207,1495.6243,4.0,193272.4,44.98,0.8724,False,depth 19.33% exceeds 3.0% cap,0.0
173863579,17.909992,1499.2242,2.0,29628.3,5.37,0.0963,True,,0.0963
174140460,7.240187,1498.8243,0.5,8275.9,3.1,0.0946,False,odd/even depth differ by 21.7% (8900 vs 11066 ppm),0.0
174876612,15.243475,1504.6885,4.0,27192.9,4.12,0.0771,False,odd/even depth differ by 112.9% (10864 vs 39035 ppm),0.0
175250050,17.822993,1499.5699,4.0,9026.4,4.81,0.1191,True,,0.1191
175516965,18.053272,1403.4995,6.0,4490.9,4.09,0.1754,False,odd/even depth differ by 108.9% (7852 vs 2317 ppm),0.0
176091975,16.969647,1501.1294,3.0,26081.6,6.02,0.3623,False,odd/even depth differ by 20.5% (34191 vs 27832 ppm),0.0
177162787,5.010268,1412.6124,6.0,874.8,6.5,0.0041,False,odd/even depth differ by 20.0% (635 vs 776 ppm),0.0
177310473,3.025903,1388.2711,8.0,680.7,6.98,0.0017,False,odd/even depth differ by 46.1% (393 vs 629 ppm),0.0
177389302,3.297735,1328.2339,8.0,811.2,19.21,0.0001,False,odd/even depth differ by 18.0% (635 vs 761 ppm),0.0
178154168,15.029064,1392.3084,6.0,7168.6,6.03,0.0622,True,,0.0622
178241960,15.01798,1421.3025,4.0,12669.5,7.42,0.8119,False,odd/even depth differ by 36.7% (11230 vs 16272 ppm),0.0
178289186,14.892197,1421.5754,4.0,14986.2,3.91,0.0347,True,,0.0347
180986031,17.125608,1517.9215,4.0,18389.1,8.34,0.2118,False,odd/even depth differ by 60.8% (23975 vs 12799 ppm),0.0
181357005,19.388329,1535.066,3.0,25264.6,5.4,0.0646,False,odd/even depth differ by 158.1% (5404 vs 46171 ppm),0.0
181656815,0.546891,1325.4481,1.5,4149.2,25.91,0.0003,True,,0.0003
189295701,4.72659,1520.5169,0.5,12026.0,2.92,0.0886,False,odd/even depth differ by 51.5% (7906 vs 13394 ppm),0.0
189339576,0.539756,1518.4169,1.0,16955.2,17.66,0.0,True,,0.0
189622321,0.687332,1518.5921,2.0,10960.3,28.09,0.0,True,,0.0
189639080,1.566902,1518.8434,1.0,80010.5,175.49,0.2428,False,depth 8.00% exceeds 3.0% cap; odd/even depth differ by 24.7% (76789 vs 98457 ppm),0.0
191536846,13.161965,1530.9362,1.5,49821.1,13.03,0.0,False,depth 4.98% exceeds 3.0% cap,0.0
191672086,2.679279,1519.8301,2.0,7540.3,13.21,0.0934,False,odd/even depth differ by 16.0% (6235 vs 7323 ppm),0.0
191923245,17.22953,1517.999,3.0,12312.6,6.04,0.0612,False,odd/even depth differ by 82.5% (21584 vs 8982 ppm),0.0
197879857,18.043951,1367.2804,6.0,41990.0,7.21,0.0908,False,depth 4.20% exceeds 3.0% cap; odd/even depth differ by 187.0% (79562 vs 2675 ppm),0.0
200394475,9.096099,1419.3172,8.0,1787.9,4.34,0.0493,True,,0.0493
200786000,8.70222,1386.8675,8.0,4025.5,4.36,0.8705,False,odd/even depth differ by 35.1% (2945 vs 4199 ppm),0.0
201789285,0.606266,1354.4836,1.5,27011.8,258.26,0.0,True,,0.0
219161221,0.634315,1325.484,1.0,2018.0,67.19,0.0001,True,,0.0001
219203188,0.695802,1438.6484,1.0,385155.3,980.06,0.0664,False,depth 38.52% exceeds 3.0% cap,0.0
219410662,16.669351,1421.5038,4.0,4176.7,8.51,0.258,False,odd/even depth differ by 75.7% (2458 vs 5454 ppm),0.0
219913358,13.144497,1544.0269,1.5,64230.2,11.43,0.0,False,depth 6.42% exceeds 3.0% cap; odd/even depth differ by 47.8% (38994 vs 63505 ppm),0.0
220090550,14.684894,1556.2244,8.0,514906.8,12.58,0.0302,False,depth 51.49% exceeds 3.0% cap; odd/even depth differ by 40.8% (782799 vs 517363 ppm),0.0
220390069,14.631901,1392.3684,6.0,3779.7,4.14,0.2295,True,,0.2295
220409187,14.86585,1363.915,8.0,794.1,4.88,0.0317,True,,0.0317
220411388,3.197351,1327.9958,8.0,1888.8,74.79,0.0002,True,,0.0002
220454984,3.497463,1386.7202,8.0,932.4,7.1,0.0014,False,odd/even depth differ by 62.5% (877 vs 459 ppm),0.0
220481179,13.737414,1338.833,2.0,11401.1,8.42,0.003,False,odd/even depth differ by 94.2% (4074 vs 1464 ppm),0.0
229137237,0.688398,1354.5821,2.0,12053.9,40.93,0.0,True,,0.0
229157753,14.348605,1367.1485,1.5,5460.8,3.68,0.0096,False,odd/even depth differ by 20.5% (6913 vs 5630 ppm),0.0
231057252,0.652254,1354.4378,1.5,4337.5,56.6,0.0,True,,0.0
231275492,3.427976,1357.4416,1.0,3080.9,2.95,0.0291,False,odd/even depth differ by 16.5% (3072 vs 2602 ppm),0.0
231298324,13.394134,1395.049,8.0,4384.4,3.37,0.0002,False,odd/even depth differ by 63.0% (2982 vs 5722 ppm),0.0
231730433,18.373076,1422.5663,6.0,3229.3,8.91,0.4639,False,odd/even depth differ by 141.4% (882 vs 5136 ppm),0.0
231814409,14.38146,1423.7764,3.0,18631.1,11.12,0.0123,False,odd/even depth differ by 158.2% (684 vs 5855 ppm),0.0
231819995,16.113113,1341.0406,8.0,2357.7,5.02,0.3318,False,odd/even depth differ by 127.7% (3609 vs 796 ppm),0.0
232048036,13.868784,1478.8928,2.0,205058.0,12.58,0.1322,False,depth 20.51% exceeds 3.0% cap; odd/even depth differ by 151.1% (11386 vs 81736 ppm),0.0
232071040,14.38146,1339.6686,0.5,21946.0,4.85,0.0095,True,,0.0095
232071399,7.78479,1327.4124,0.5,3704.6,2.84,0.0098,False,odd/even depth differ by 64.9% (2123 vs 4165 ppm),0.0
232073225,1.195133,1325.9124,2.0,841.5,3.1,0.021,False,odd/even depth differ by 21.7% (713 vs 887 ppm),0.0
232074363,13.883117,1326.2561,6.0,2081.8,3.36,0.1656,True,,0.1656
235048326,16.330935,1421.5515,6.0,3778.7,4.8,0.145,False,odd/even depth differ by 109.5% (1579 vs 5404 ppm),0.0
235050374,18.877359,1421.6434,6.0,6927.2,4.41,0.0078,True,,0.0078
235056923,13.485358,1424.3577,2.0,4160.3,7.38,0.0146,False,odd/even depth differ by 32.1% (4993 vs 3612 ppm),0.0
237908790,10.760054,1331.5751,0.5,6318.3,2.76,0.0031,False,odd/even depth differ by 81.5% (8350 vs 3515 ppm),0.0
237933486,13.767854,1325.432,4.0,4537.5,6.38,0.0217,False,odd/even depth differ by 55.5% (3168 vs 5600 ppm),0.0
237935905,18.961109,1326.8047,8.0,1867.7,5.72,0.0875,False,odd/even depth differ by 187.1% (3214 vs 107 ppm),0.0
238022708,18.94433,1478.2237,3.0,7459.1,5.12,0.1175,True,,0.1175
238193200,16.006474,1340.222,3.0,1485.9,6.39,0.016,False,odd/even depth differ by 105.3% (473 vs 1525 ppm),0.0
238200256,19.997049,1333.6283,4.0,1490.1,5.52,0.1791,False,odd/even depth differ by 45.2% (1273 vs 2017 ppm),0.0
238622809,13.501286,1504.0894,8.0,4368.2,5.75,0.0,False,odd/even depth differ by 30.1% (3970 vs 5376 ppm),0.0
238891168,14.531849,1338.8996,3.0,99454.4,11.29,0.0582,False,depth 9.95% exceeds 3.0% cap; odd/even depth differ by 199.4% (215863 vs 343 ppm),0.0
238927740,13.560185,1450.346,1.5,19051.3,8.98,0.0,True,,0.0
255586487,17.053739,1364.8239,6.0,4451.1,7.49,0.2599,False,odd/even depth differ by 56.4% (2773 vs 4950 ppm),0.0
259589791,0.514027,1386.335,1.0,9289.0,296.04,0.0,True,,0.0
259701898,14.133219,1394.5516,2.0,6044.5,4.49,0.0093,True,,0.0093
261334411,13.789202,1338.8093,8.0,2839.8,5.49,0.2054,False,odd/even depth differ by 107.6% (1174 vs 3905 ppm),0.0
261335113,8.130543,1330.274,1.5,269399.2,515.47,0.0412,False,depth 26.94% exceeds 3.0% cap,0.0
263014094,2.814219,1325.8834,8.0,2264.0,11.37,0.0006,False,odd/even depth differ by 29.9% (1754 vs 2371 ppm),0.0
266379831,13.526212,1571.6321,8.0,12808.3,5.31,0.002,False,odd/even depth differ by 28.6% (13356 vs 10010 ppm),0.0
267115852,13.676736,1367.7557,0.5,15374.9,3.8,0.0076,False,odd/even depth differ by 32.0% (14751 vs 20372 ppm),0.0
267166358,0.529188,1628.9597,0.5,3373.2,13.94,0.0,True,,0.0
267606709,13.657578,1504.7565,3.0,6600.2,7.37,0.011,True,,0.011
268182063,13.189183,1491.6543,1.0,9576.1,4.5,0.0401,False,odd/even depth differ by 67.7% (5847 vs 11833 ppm),0.0
268591642,13.604277,1518.1115,6.0,4021.3,5.12,0.0301,False,odd/even depth differ by 15.8% (4173 vs 3563 ppm),0.0
269792900,13.332021,1334.8575,3.0,2866.7,5.73,0.0645,False,odd/even depth differ by 79.9% (2859 vs 1227 ppm),0.0
270557479,16.134525,1340.5758,2.0,4261.6,5.56,0.0492,False,odd/even depth differ by 145.1% (6943 vs 1104 ppm),0.0
271380270,18.039957,1497.9646,1.0,7429.6,3.3,0.0832,True,,0.0832
271386483,15.70699,1499.5917,0.5,20209.6,3.24,0.0621,False,odd/even depth differ by 23.1% (16233 vs 20472 ppm),0.0
271503343,14.374034,1338.5965,3.0,18817.5,7.77,0.0137,True,,0.0137
271971296,3.879752,1413.1725,8.0,1294.4,7.2,0.0032,False,odd/even depth differ by 24.0% (1326 vs 1042 ppm),0.0
272232315,13.508261,1395.802,1.0,4893.5,4.84,0.0003,False,odd/even depth differ by 126.2% (6621 vs 1498 ppm),0.0
272287669,13.428766,1330.0917,6.0,1147.2,4.11,0.0345,False,odd/even depth differ by 37.9% (1103 vs 752 ppm),0.0
272317263,3.416362,1387.2665,8.0,890.7,19.22,0.002,True,,0.002
272466980,0.829425,1354.8267,1.0,10268.1,407.7,0.0,True,,0.0
272551828,13.848335,1392.2923,0.5,4966064.7,11.63,0.0022,False,depth 496.61% exceeds 3.0% cap; odd/even depth differ by 161.1% (159875 vs 17244 ppm),0.0
273606451,3.573101,1327.5714,6.0,1623.5,5.17,0.0075,False,odd/even depth differ by 29.5% (1664 vs 1236 ppm),0.0
278776511,12.741551,1422.6379,3.0,1229.4,7.53,0.1882,False,odd/even depth differ by 88.2% (1117 vs 433 ppm),0.0
278988794,3.796222,1328.4614,3.0,45819.9,495.44,0.0286,False,depth 4.58% exceeds 3.0% cap; odd/even depth differ by 87.5% (24588 vs 62801 ppm),0.0
279403981,14.325334,1421.9944,4.0,5611.4,2.74,0.0,False,odd/even depth differ by 36.3% (4125 vs 5954 ppm),0.0
279454250,14.834077,1421.8214,6.0,8959.2,3.53,0.0392,True,,0.0392
279574462,14.013812,1365.6298,2.0,3854.8,5.04,0.0294,False,odd/even depth differ by 71.3% (1914 vs 4033 ppm),0.0
279741291,18.259562,1330.2176,6.0,1900.2,6.55,0.1627,False,odd/even depth differ by 94.7% (2482 vs 887 ppm),0.0
279835138,15.39379,1332.9079,1.5,5860.1,4.52,0.0581,False,odd/even depth differ by 21.3% (4374 vs 5416 ppm),0.0
280856082,13.941624,1571.0049,6.0,33007.4,8.88,0.0011,False,depth 3.30% exceeds 3.0% cap,0.0
280866656,5.213141,1414.956,3.0,5479.0,25.76,0.0441,True,,0.0441
280869258,15.667639,1421.506,8.0,5657.7,7.29,0.6376,True,,0.6376
280948596,13.679764,1570.9674,4.0,13791.0,7.81,0.0002,False,odd/even depth differ by 18.3% (18408 vs 15320 ppm),0.0
281923304,14.251541,1400.0913,6.0,3944.8,5.31,0.1338,False,odd/even depth differ by 115.1% (1608 vs 5967 ppm),0.0
285830978,14.368733,1520.7012,3.0,5962.0,4.36,0.0228,False,odd/even depth differ by 30.5% (6742 vs 4958 ppm),0.0
287154097,0.930873,1386.2958,2.0,3016.1,33.96,0.0,True,,0.0
287427126,0.587551,1385.9955,1.5,1293.6,36.13,0.0,True,,0.0
287792868,19.148083,1571.3011,3.0,43598.5,4.32,0.0481,False,depth 4.36% exceeds 3.0% cap; odd/even depth differ by 69.4% (27630 vs 57015 ppm),0.0
287895933,0.585603,1571.155,0.5,26158.7,71.38,0.0002,False,odd/even depth differ by 15.8% (26426 vs 22547 ppm),0.0
288019366,13.853444,1584.9282,3.0,38512.8,5.7,0.0177,False,depth 3.85% exceeds 3.0% cap; odd/even depth differ by 21.3% (31543 vs 39070 ppm),0.0
288020603,10.715689,1571.6345,1.0,12406.0,2.88,0.0532,False,odd/even depth differ by 19.3% (9561 vs 11608 ppm),0.0
288102420,13.144497,1571.3501,1.5,71112.9,7.39,0.0592,False,depth 7.11% exceeds 3.0% cap,0.0
290403989,16.948377,1329.7323,6.0,5915.3,4.01,0.0172,False,odd/even depth differ by 150.4% (969 vs 6852 ppm),0.0
290754931,13.946768,1338.726,1.5,5458.4,5.58,0.0233,False,odd/even depth differ by 20.0% (4140 vs 5061 ppm),0.0
291463780,2.867454,1491.804,8.0,4216.7,20.97,0.0017,True,,0.0017
293164357,6.179081,1390.3914,1.0,7336.8,2.9,0.0418,False,odd/even depth differ by 73.8% (11817 vs 5448 ppm),0.0
293165262,0.507732,1325.5605,0.5,1108.2,5.4,0.0424,True,,0.0424
293811985,10.283495,1518.7761,3.0,8911.4,6.12,0.0972,False,odd/even depth differ by 49.6% (5934 vs 9848 ppm),0.0
293858572,3.250391,1603.0606,6.0,9502.8,5.8,0.2295,True,,0.2295
294053492,1.085269,1325.9842,1.0,732.2,5.38,0.2581,False,odd/even depth differ by 29.6% (528 vs 711 ppm),0.0
294096029,13.398087,1477.4626,3.0,13095.1,6.83,0.2529,False,odd/even depth differ by 22.7% (11916 vs 14963 ppm),0.0
294243231,20.0,1602.5251,3.0,24192.3,3.19,0.0153,False,odd/even depth differ by 26.2% (25791 vs 19815 ppm),0.0
295238189,14.134262,1570.9634,4.0,9320.5,6.53,0.0125,False,odd/even depth differ by 130.4% (3222 vs 15302 ppm),0.0
295391187,15.47578,1579.3466,1.0,29970.4,3.23,0.2361,False,odd/even depth differ by 40.8% (25523 vs 38600 ppm),0.0
299151089,17.581378,1544.0491,1.0,6564.8,3.92,0.0157,True,,0.0157
299836707,13.517234,1504.6961,4.0,10638.3,7.52,0.0,False,odd/even depth differ by 35.8% (10690 vs 7446 ppm),0.0
300013489,5.21468,1326.3164,3.0,3170.7,183.71,0.2074,True,,0.2074
300742619,16.851123,1332.837,4.0,1058.8,4.78,0.1621,False,odd/even depth differ by 46.2% (1173 vs 733 ppm),0.0
301327663,13.75364,1571.2129,4.0,79047.2,6.86,0.0091,False,depth 7.90% exceeds 3.0% cap; odd/even depth differ by 77.0% (42953 vs 96683 ppm),0.0
302529710,13.56719,1545.0355,0.5,11615.2,2.86,0.1075,False,odd/even depth differ by 82.0% (5515 vs 13185 ppm),0.0
303501458,14.018982,1557.9245,6.0,8389.5,3.62,0.0001,False,odd/even depth differ by 51.5% (5508 vs 9325 ppm),0.0
305497762,0.763643,1570.9763,1.0,49197.7,10.62,0.0263,False,depth 4.92% exceeds 3.0% cap,0.0
306519365,14.137391,1639.9058,8.0,12149.2,3.74,0.0717,False,odd/even depth differ by 51.7% (7936 vs 13469 ppm),0.0
306828836,19.640281,1341.3392,1.5,5102.2,5.41,0.0136,False,odd/even depth differ by 29.3% (4214 vs 3135 ppm),0.0
307158170,9.137803,1361.6014,6.0,1082.9,5.22,0.1682,False,odd/even depth differ by 32.3% (1114 vs 804 ppm),0.0
307255082,1.368501,1571.0348,4.0,19275.1,66.63,0.2261,False,odd/even depth differ by 25.0% (14438 vs 18570 ppm),0.0
307560281,16.750719,1501.5235,1.5,6995.4,3.98,0.0237,False,odd/even depth differ by 70.7% (3947 vs 8263 ppm),0.0
308307252,13.49332,1422.7765,4.0,9670.8,5.49,0.7355,False,odd/even depth differ by 52.8% (9482 vs 16276 ppm),0.0
308307519,13.212558,1517.9593,4.0,12546.2,7.43,0.0004,True,,0.0004
308542314,16.369537,1337.9887,3.0,10548.2,13.68,0.0767,True,,0.0767
308663687,19.507421,1338.7265,2.0,3295.7,7.48,0.0056,False,odd/even depth differ by 155.5% (3015 vs 378 ppm),0.0
309290163,9.830944,1522.9162,8.0,219569.3,4.32,0.0934,False,depth 21.96% exceeds 3.0% cap,0.0
309299238,0.572193,1325.5347,1.5,6926.4,145.71,0.0,True,,0.0
309791561,3.201127,1356.4438,8.0,1603.0,39.49,0.0003,False,odd/even depth differ by 25.5% (1626 vs 1258 ppm),0.0
310858936,14.39526,1639.112,6.0,21064.5,4.9,0.0005,False,odd/even depth differ by 28.1% (21641 vs 16305 ppm),0.0
318667894,2.25961,1572.9824,0.5,34079.6,2.82,0.1033,False,depth 3.41% exceeds 3.0% cap,0.0
319475748,2.390988,1470.6487,1.5,1213.1,2.71,0.1283,False,odd/even depth differ by 25.7% (1410 vs 1089 ppm),0.0
321068888,13.953972,1394.4789,6.0,11945.9,7.86,0.0,False,odd/even depth differ by 50.2% (8489 vs 14182 ppm),0.0
321125325,14.880115,1421.7848,3.0,14654.3,3.72,0.0004,True,,0.0004
325560269,17.677628,1643.187,0.5,7353.7,3.05,0.0487,False,odd/even depth differ by 38.9% (5441 vs 8065 ppm),0.0
327831847,15.669951,1639.1976,1.5,35068.4,4.77,0.0267,False,depth 3.51% exceeds 3.0% cap,0.0
334930659,18.046613,1606.9078,3.0,16693336.7,24.47,0.0261,False,depth 1669.33% exceeds 3.0% cap; odd/even depth differ by 60.6% (18573115 vs 9934699 ppm),0.0
338248503,0.693649,1601.5912,2.0,8821.7,7.85,0.065,False,odd/even depth differ by 30.1% (4911 vs 6654 ppm),0.0
339638912,13.415892,1477.1957,8.0,11011.3,4.86,0.7777,False,odd/even depth differ by 19.0% (10218 vs 12369 ppm),0.0
340058123,19.741977,1393.6473,1.5,7910.5,3.69,0.0718,True,,0.0718
340221485,15.041267,1610.1036,8.0,1375438.7,18.21,0.2739,False,depth 137.54% exceeds 3.0% cap; odd/even depth differ by 52.6% (1215179 vs 2083501 ppm),0.0
340483157,13.441652,1531.121,4.0,8781.3,4.15,0.0406,False,odd/even depth differ by 39.5% (9552 vs 6404 ppm),0.0
340487632,17.924534,1535.2567,6.0,2394.5,5.3,0.1618,False,odd/even depth differ by 29.1% (2135 vs 1593 ppm),0.0
341336446,13.285871,1504.6965,3.0,4564.2,4.27,0.1532,True,,0.1532
341417608,18.301373,1505.4913,2.0,2511.6,4.65,0.0182,False,odd/even depth differ by 66.5% (2581 vs 1293 ppm),0.0
341850672,19.189096,1535.0598,3.0,7013.5,3.93,0.1009,False,odd/even depth differ by 48.1% (5748 vs 9391 ppm),0.0
342214725,0.717965,1518.115,2.0,6551.4,23.0,0.0043,True,,0.0043
344493776,0.522245,1571.2982,0.5,5191.5,3.63,0.0016,False,odd/even depth differ by 43.6% (3520 vs 5482 ppm),0.0
349195685,0.722695,1354.3742,2.0,5101.6,525.9,0.0,True,,0.0
349828966,14.065604,1337.8281,4.0,1829.4,5.28,0.0492,True,,0.0492
350146248,16.070372,1330.9492,8.0,4629.4,5.63,0.6321,False,odd/even depth differ by 111.9% (4210 vs 1189 ppm),0.0
350296377,0.809236,1325.5574,1.5,595.4,9.23,0.0,True,,0.0
350585491,13.619341,1327.5948,4.0,9447.0,5.52,0.0299,False,odd/even depth differ by 24.6% (7098 vs 9088 ppm),0.0
350712873,0.509646,1411.3426,1.0,4014.4,244.62,0.0,True,,0.0
350765919,0.845489,1326.0493,1.5,12781.6,61.79,0.0,True,,0.0
355304062,12.92142,1544.2456,2.0,5187.3,6.84,0.0465,False,odd/even depth differ by 59.5% (3737 vs 6902 ppm),0.0
355307525,13.270197,1531.0348,1.5,19415.3,8.51,0.0987,False,odd/even depth differ by 125.8% (27695 vs 6307 ppm),0.0
355462802,0.552202,1517.9593,1.5,104486.4,215.72,0.0,False,depth 10.45% exceeds 3.0% cap,0.0
355664205,13.179456,1530.9265,2.0,97128.9,9.64,0.0,False,depth 9.71% exceeds 3.0% cap,0.0
358464487,7.499524,1521.9447,2.0,4010.0,3.35,0.0635,False,odd/even depth differ by 41.9% (4939 vs 3227 ppm),0.0
358467178,0.601632,1411.2994,1.5,1328.7,5.33,0.0003,True,,0.0003
358467481,19.29842,1344.301,6.0,3205.6,6.57,0.3246,False,odd/even depth differ by 74.2% (1695 vs 3694 ppm),0.0
358509438,13.370438,1329.2616,4.0,3419.0,4.73,0.0402,False,odd/even depth differ by 22.1% (2614 vs 2094 ppm),0.0
359445425,9.013262,1552.9445,8.0,124026.8,11.92,0.0617,False,depth 12.40% exceeds 3.0% cap,0.0
360403186,0.877261,1601.6571,0.5,3005.5,2.57,0.1295,False,odd/even depth differ by 25.7% (2942 vs 2273 ppm),0.0
364399229,18.710966,1327.999,8.0,2524.2,5.46,0.2206,False,odd/even depth differ by 123.7% (3022 vs 712 ppm),0.0
369465582,12.607829,1479.1213,2.0,35467.3,6.88,0.1041,False,depth 3.55% exceeds 3.0% cap; odd/even depth differ by 127.3% (52845 vs 11740 ppm),0.0
369934125,15.666483,1609.6585,0.5,13655.7,3.3,0.0105,True,,0.0105
370137761,14.326391,1339.2472,6.0,4579.9,5.47,0.1622,True,,0.1622
370825476,0.580699,1571.6204,1.5,44094.2,8.85,0.0,False,depth 4.41% exceeds 3.0% cap,0.0
372849306,3.405792,1387.7581,8.0,2375.6,21.37,0.0023,True,,0.0023
372910665,14.717433,1333.2054,4.0,2248.5,6.01,0.0389,False,odd/even depth differ by 73.6% (990 vs 2143 ppm),0.0
372913116,13.426784,1328.8364,2.0,27609.5,12.53,0.0642,False,odd/even depth differ by 166.2% (2822 vs 30567 ppm),0.0
372913357,17.593056,1333.326,3.0,22737.6,8.03,0.0313,False,odd/even depth differ by 94.6% (17782 vs 6365 ppm),0.0
373250483,13.136741,1517.8272,1.5,31321.0,4.21,0.003,False,depth 3.13% exceeds 3.0% cap,0.0
373917936,2.731776,1355.4544,8.0,7464.7,76.05,0.0025,False,odd/even depth differ by 78.8% (4056 vs 9325 ppm),0.0
376474648,13.730321,1571.0904,1.0,32420.4,4.64,0.1087,False,depth 3.24% exceeds 3.0% cap; odd/even depth differ by 72.2% (19342 vs 41214 ppm),0.0
376932824,14.29788,1325.4222,6.0,6429.5,6.09,0.2174,False,odd/even depth differ by 76.2% (3708 vs 8277 ppm),0.0
376985426,0.707344,1325.7762,0.5,92958.4,108.94,0.0107,False,depth 9.30% exceeds 3.0% cap,0.0
380928827,13.245743,1570.9597,3.0,86654.0,6.1,0.2831,False,depth 8.67% exceeds 3.0% cap,0.0
381976770,13.175567,1334.1163,2.0,3638.8,9.54,0.0014,False,odd/even depth differ by 17.1% (1259 vs 1494 ppm),0.0
231907303,14.441001,1339.6833,1.0,24124.5,6.55,0.0106,False,odd/even depth differ by 19.7% (25218 vs 20687 ppm),0.0
260844840,17.939086,1535.0436,2.0,8885.2,5.07,0.0177,False,odd/even depth differ by 93.6% (6004 vs 16561 ppm),0.0
290404650,13.139649,1326.3322,3.0,9571.0,5.35,0.1447,False,odd/even depth differ by 15.9% (8321 vs 7095 ppm),0.0
382157531,6.227135,1328.6181,8.0,818.5,5.29,0.0017,True,,0.0017
382256692,0.744725,1325.4536,1.5,31607.9,35.72,0.0,False,depth 3.16% exceeds 3.0% cap; odd/even depth differ by 19.8% (35918 vs 29457 ppm),0.0
382302446,10.366528,1327.9702,3.0,2635.8,5.0,0.0055,False,odd/even depth differ by 72.7% (1981 vs 925 ppm),0.0
382631202,13.971485,1422.2432,3.0,7073.9,6.76,0.0762,False,odd/even depth differ by 37.0% (6014 vs 8742 ppm),0.0
382631664,0.664936,1411.5578,1.5,34914.7,491.55,0.0,False,depth 3.49% exceeds 3.0% cap,0.0
382746698,15.197434,1580.257,0.5,76668.1,3.32,0.0015,False,depth 7.67% exceeds 3.0% cap; odd/even depth differ by 29.6% (67936 vs 91527 ppm),0.0
384028638,13.146436,1530.827,8.0,10392.7,6.52,0.4762,False,odd/even depth differ by 32.4% (14712 vs 10615 ppm),0.0
384091395,13.36452,1517.8752,2.0,43269.8,11.11,0.0,False,depth 4.33% exceeds 3.0% cap,0.0
387093192,12.743432,1544.023,2.0,23154.4,3.27,0.0828,True,,0.0828
387175692,12.93382,1543.9806,1.5,198290.8,14.38,0.1698,False,depth 19.83% exceeds 3.0% cap,0.0
388104476,16.399758,1339.5759,8.0,1967.0,5.95,0.2505,False,odd/even depth differ by 101.5% (2436 vs 795 ppm),0.0
391629463,17.143307,1517.8654,2.0,21866.0,4.55,0.0774,True,,0.0774
392815631,18.347339,1338.6902,1.5,15591.5,8.32,0.1934,False,odd/even depth differ by 48.2% (10390 vs 16986 ppm),0.0
394816692,17.798026,1617.7399,8.0,4465403.0,14.63,0.0006,False,depth 446.54% exceeds 3.0% cap; odd/even depth differ by 199.6% (1594051 vs 1495 ppm),0.0
396004353,0.525841,1601.4053,1.0,156770.7,583.46,0.0,False,depth 15.68% exceeds 3.0% cap,0.0
396695800,14.918589,1391.7249,4.0,6037.4,4.2,0.2253,True,,0.2253
396696273,13.414902,1396.5916,1.0,20221.0,4.65,0.0103,True,,0.0103
396721234,14.311601,1393.754,4.0,13064.4,5.97,0.1567,True,,0.1567
396861382,16.749483,1607.0356,1.5,20373.4,3.81,0.0159,False,odd/even depth differ by 68.7% (24020 vs 11744 ppm),0.0
397666438,13.24672,1570.9839,4.0,35737.5,5.1,0.5797,False,depth 3.57% exceeds 3.0% cap,0.0
398622708,15.285144,1585.1678,8.0,285375.3,4.07,0.1975,False,depth 28.54% exceeds 3.0% cap,0.0
399421408,1.022765,1571.4298,2.0,131344.2,239.14,0.1111,False,depth 13.13% exceeds 3.0% cap; odd/even depth differ by 43.5% (100992 vs 157110 ppm),0.0
400957610,0.556127,1571.638,1.0,18576.7,29.41,0.0029,True,,0.0029
400980289,13.721207,1570.9445,3.0,33641.4,8.89,0.9377,False,depth 3.36% exceeds 3.0% cap; odd/even depth differ by 23.5% (24448 vs 30968 ppm),0.0
401283890,14.236828,1581.9308,6.0,80067.8,9.49,0.7033,False,depth 8.01% exceeds 3.0% cap; odd/even depth differ by 71.7% (86162 vs 40684 ppm),0.0
401520955,13.362549,1517.8753,2.0,41927.4,12.41,0.0,False,depth 4.19% exceeds 3.0% cap,0.0
401850604,13.162936,1530.9335,2.0,58177.5,8.06,0.0,False,depth 5.82% exceeds 3.0% cap,0.0
404798700,3.106891,1325.8399,8.0,5232.9,86.44,0.2132,True,,0.2132
405387401,13.103829,1571.8227,6.0,6090.9,3.07,0.0053,False,odd/even depth differ by 28.3% (8556 vs 6435 ppm),0.0
406776177,0.552773,1628.6442,1.5,5235.8,13.26,0.0112,False,odd/even depth differ by 16.2% (4282 vs 5037 ppm),0.0
409738722,18.390707,1498.5193,6.0,14239.8,4.77,0.0508,True,,0.0508
409795297,8.774427,1500.3632,3.0,5404.6,4.1,0.0079,True,,0.0079
410898932,14.111339,1476.1798,2.0,39843.5,5.48,0.0072,False,depth 3.98% exceeds 3.0% cap; odd/even depth differ by 34.7% (29447 vs 20744 ppm),0.0
415937547,0.526113,1601.4985,1.0,279927.6,27.54,0.0,False,depth 27.99% exceeds 3.0% cap,0.0
415942919,18.699926,1603.8297,0.5,43487.3,4.42,0.0902,False,depth 4.35% exceeds 3.0% cap; odd/even depth differ by 28.8% (35648 vs 26682 ppm),0.0
418211882,4.89517,1603.7737,3.0,3058.7,2.47,0.0567,False,odd/even depth differ by 38.1% (2330 vs 3428 ppm),0.0
419307514,13.619341,1504.9018,6.0,9802.2,3.84,0.0,False,odd/even depth differ by 34.5% (8661 vs 6111 ppm),0.0
419368251,13.642471,1504.1993,2.0,11989.3,7.6,0.0,True,,0.0
425067522,6.634072,1326.7524,6.0,4534.3,35.89,0.0877,False,odd/even depth differ by 26.8% (4856 vs 3709 ppm),0.0
425937239,13.40402,1327.5133,0.5,9620.1,3.11,0.1439,True,,0.1439
425937691,0.802517,1325.3024,0.5,26980.3,83.09,0.0094,True,,0.0094
430592416,0.692473,1518.0394,2.0,7860.2,69.6,0.0002,True,,0.0002
433199994,0.635345,1571.2051,1.5,38617.8,15.76,0.0027,False,depth 3.86% exceeds 3.0% cap; odd/even depth differ by 19.7% (36709 vs 30131 ppm),0.0
436718594,13.279991,1544.1456,1.5,232255.8,8.02,0.0044,False,depth 23.23% exceeds 3.0% cap; odd/even depth differ by 46.5% (178883 vs 287373 ppm),0.0
437154141,14.492233,1491.7942,6.0,2760.2,4.05,0.0987,False,odd/even depth differ by 42.3% (3736 vs 2432 ppm),0.0
441849884,12.929049,1544.0107,2.0,51194.9,12.03,0.762,False,depth 5.12% exceeds 3.0% cap,0.0
443042779,12.922374,1544.0264,1.5,45052.9,7.43,0.0797,False,depth 4.51% exceeds 3.0% cap,0.0
443935540,15.678046,1555.3764,8.0,8067.3,7.32,0.2067,False,odd/even depth differ by 64.4% (11845 vs 6073 ppm),0.0
445524134,19.331195,1494.6462,3.0,3091.6,4.7,0.0558,False,odd/even depth differ by 46.7% (2376 vs 3823 ppm),0.0
446218350,12.913796,1544.0616,1.5,57554.3,6.57,0.1653,False,depth 5.76% exceeds 3.0% cap,0.0
447437532,13.615322,1557.6099,8.0,16477.6,5.19,0.8821,True,,0.8821
448167688,8.956254,1608.033,0.5,16443.0,2.72,0.0241,False,odd/even depth differ by 25.4% (18006 vs 13942 ppm),0.0
451960523,2.450278,1573.2702,4.0,432285.0,117.45,0.0335,False,depth 43.23% exceeds 3.0% cap,0.0
452376676,13.673709,1450.6248,0.5,13885.0,6.23,0.0159,False,odd/even depth differ by 118.0% (20450 vs 5275 ppm),0.0
453448476,6.717804,1444.8286,1.5,13851.7,4.83,0.1303,False,odd/even depth differ by 73.9% (22176 vs 10205 ppm),0.0
453767182,15.99939,1583.6473,3.0,8578.8,6.7,0.1461,False,odd/even depth differ by 42.5% (7388 vs 11381 ppm),0.0
457568443,12.912843,1544.0524,2.0,10302.4,4.33,0.0059,True,,0.0059
460076196,8.970141,1577.5842,2.0,19202.6,2.89,0.0035,True,,0.0035
460606343,13.244766,1570.9677,4.0,43435.6,4.45,0.4241,False,depth 4.34% exceeds 3.0% cap,0.0
461164368,19.927827,1563.523,3.0,11736.3,6.8,0.0249,False,odd/even depth differ by 97.9% (4778 vs 13935 ppm),0.0
461737753,0.608552,1629.9257,1.5,5016.3,166.39,0.0,True,,0.0
461837295,13.622356,1530.7744,1.0,27271.6,5.53,0.0713,True,,0.0713
463239293,19.304116,1543.9646,1.0,43777.8,6.51,0.0593,False,depth 4.38% exceeds 3.0% cap; odd/even depth differ by 83.2% (24554 vs 59551 ppm),0.0
467921359,13.244766,1570.9719,3.0,26824.6,5.96,0.3152,True,,0.3152
469032976,12.916655,1544.0384,1.0,323286.1,9.64,0.1268,False,depth 32.33% exceeds 3.0% cap,0.0
469333818,12.853911,1544.3431,6.0,17161.8,3.63,0.0311,False,odd/even depth differ by 67.3% (28317 vs 14062 ppm),0.0
471012383,14.290498,1421.756,8.0,8473.4,3.96,0.0335,False,odd/even depth differ by 74.8% (4531 vs 9948 ppm),0.0
